{"cameraMode":{"drawMode":0,"name":"Shaded","section":"Shading Mode"},"sceneLighting":true,"audioPlay":false,"sceneViewState":{"showFog":true,"showMaterialUpdate":false,"showSkybox":true,"showFlares":true,"showImageEffects":true,"showParticleSystems":true},"in2DMode":false,"pivot":{"x":1.2330296039581299,"y":0.2617473602294922,"z":3.5034046173095705},"rotation":{"x":0.11550021916627884,"y":-0.029800059273838998,"z":0.0034670585300773384,"w":0.9928657412528992},"size":5.249599456787109,"orthographic":false}